,Degree,Train MSE,Test MSE
0,1,0.2301566783207339,0.3179628884043144
1,2,0.22471863301349992,0.2906788917322916
2,3,0.07368965291382572,0.09242127729913553
3,5,0.07314892301749347,0.099644492801047
4,10,0.07233869057704576,0.10636391581387597
