{"coeff": [0.0, 0.9021562281807098, 0.018306438004444786, -0.10905559913315022], "intercept": -0.12332674061632294}